{
    "epoch": 29.82,
    "eval_loss": 2.9461891651153564,
    "eval_runtime": 21.0905,
    "eval_samples_per_second": 4.741,
    "eval_steps_per_second": 4.741,
    "train_loss": 0.3238988001147906,
    "train_runtime": 28078.6679,
    "train_samples_per_second": 1.068,
    "train_steps_per_second": 0.067
}